City_ID,City,Lat,Lng,Max Temp,Humidity,Cloudiness,Wind Speed,Country,Date
0,walvis bay,-22.9575,14.5053,13.38,84,3,1.26,NA,1722721405
1,olonkinbyen,70.9221,-8.7187,5.49,91,90,3.08,SJ,1722721576
2,bethel,41.3712,-73.414,26.47,91,75,1.54,US,1722721342
3,saint-francois,46.4154,3.9054,18.69,83,0,2.57,FR,1722721578
4,grytviken,-54.2811,-36.5092,-4.82,91,100,4.1,GS,1722721580
5,port elizabeth,-33.918,25.5701,15.17,42,87,3.77,ZA,1722721581
6,sandnessjoen,66.0217,12.6316,18.29,78,16,5.31,NO,1722721605
7,tokar,18.4254,37.729,32.92,52,89,3.92,SD,1722721606
8,laojunmiao,39.8333,97.7333,21.65,21,81,2.67,CN,1722721608
9,albany,42.6001,-73.9662,27.87,69,63,3.26,US,1722721058
10,dudinka,69.4058,86.1778,10.59,74,21,4.56,RU,1722721610
11,klyuchi,52.2667,79.1667,17.54,88,64,3.43,RU,1722721611
12,waitangi,-43.9535,-176.5597,9.9,79,68,2.68,NZ,1722721612
13,puerto natales,-51.7236,-72.4875,1.65,99,100,0.88,CL,1722721613
14,tolanaro,-25.0319,46.9987,18.04,88,20,3.09,MG,1722721614
15,colonia,50.9333,6.95,20.81,83,75,1.03,DE,1722721370
16,puerto baquerizo moreno,-0.9,-89.6,23.55,88,20,5.66,EC,1722721617
17,ulladulla,-35.35,150.4667,9.7,66,100,2.25,AU,1722721618
18,invercargill,-46.4,168.35,4.45,88,58,2.68,NZ,1722721620
19,punta del este,-34.9667,-54.95,13.06,96,40,5.81,UY,1722721603
20,afaahiti,-17.75,-149.2833,25.93,70,75,4.43,PF,1722721623
21,jamestown,42.097,-79.2353,24.84,94,100,4.12,US,1722721606
22,thunder bay,48.4001,-89.3168,22.99,60,100,4.63,CA,1722721625
23,mitu,1.1983,-70.1733,26.9,84,88,0.92,CO,1722721626
24,da nang,16.0678,108.2208,24.99,88,20,2.06,VN,1722721627
25,bredasdorp,-34.5322,20.0403,7.57,90,85,2.82,ZA,1722721628
26,punta cana,18.5818,-68.4043,29.87,74,40,4.12,DO,1722721629
27,port alfred,-33.5906,26.891,19.89,33,94,4.45,ZA,1722721631
28,port-aux-francais,-49.35,70.2167,1.9,90,23,11.83,TF,1722721632
29,iqaluit,63.7506,-68.5145,4.85,80,20,8.23,CA,1722721633
30,isafjordur,66.0755,-23.124,7.71,97,99,3.66,IS,1722721634
31,sitka,57.0531,-135.33,17.94,63,40,6.69,US,1722721635
32,adamstown,-25.066,-130.1015,21.0,74,29,7.49,PN,1722721636
33,yuma,32.7253,-114.6244,46.6,19,0,2.57,US,1722721637
34,luanda,-8.8368,13.2343,20.0,88,20,1.54,AO,1722721639
35,thompson,55.7435,-97.8558,19.09,39,75,3.6,CA,1722721641
36,queenstown,-31.8976,26.8753,13.62,28,88,3.17,ZA,1722721642
37,mhamid,29.82,-5.72,35.91,6,0,2.52,MA,1722721643
38,margaret river,-33.95,115.0667,9.84,82,0,2.03,AU,1722721644
39,mbaiki,3.8678,17.9892,20.83,98,100,0.66,CF,1722721646
40,kailua-kona,19.6406,-155.9956,29.77,73,0,6.17,US,1722721351
41,bilibino,68.0546,166.4372,8.04,66,99,0.97,RU,1722721648
42,slobozhans'ke,49.597,36.5262,22.02,36,100,2.17,UA,1722721649
43,udachny,66.4167,112.4,16.21,61,48,1.77,RU,1722721650
44,ust-nera,64.5667,143.2,12.91,52,51,2.55,RU,1722721651
45,ciudad de huajuapan de leon,17.8,-97.7667,26.63,42,75,0.97,MX,1722721653
46,yellowknife,62.456,-114.3525,21.34,45,75,5.66,CA,1722721532
47,blackmans bay,-43.0167,147.3167,8.07,79,46,0.89,AU,1722721655
48,broken hill,-31.95,141.4333,11.84,41,100,3.24,AU,1722721656
49,ribas do rio pardo,-20.4431,-53.7592,26.94,26,5,2.09,BR,1722721657
50,ancud,-41.8697,-73.8203,8.01,91,100,5.4,CL,1722721574
51,kodinsk,58.6881,99.1844,10.3,93,9,1.44,RU,1722721659
52,coquimbo,-29.9533,-71.3436,15.55,64,100,2.05,CL,1722721075
53,nova sintra,14.8667,-24.7167,26.61,77,95,1.14,CV,1722721662
54,kodiak,57.79,-152.4072,15.73,59,100,5.14,US,1722721663
55,vatutine,49.015,31.0621,17.63,93,98,3.35,UA,1722721664
56,amga,60.8953,131.9608,14.07,55,1,0.77,RU,1722721665
57,ulysses,37.5814,-101.3552,27.53,61,0,11.83,US,1722721666
58,inhambane,-23.865,35.3833,20.36,85,0,3.69,MZ,1722721667
59,ribeira grande,38.5167,-28.7,25.22,78,20,3.6,PT,1722721668
60,richards bay,-28.783,32.0377,19.66,81,5,6.39,ZA,1722721669
61,kerikeri,-35.2268,173.9474,13.28,85,100,2.68,NZ,1722721671
62,yangiobod,41.1192,70.0941,19.95,36,23,0.34,UZ,1722721672
63,petropavlovsk-kamchatsky,53.0452,158.6483,16.33,59,0,3.0,RU,1722721674
64,vernon,50.2581,-119.2691,38.2,18,1,1.03,CA,1722721675
65,hawaiian paradise park,19.5933,-154.9731,25.73,95,100,2.57,US,1722721676
66,shar,49.5886,81.0453,20.18,69,2,1.46,KZ,1722721677
67,sake,-1.5736,29.045,18.5,65,61,0.62,CD,1722721679
68,salahonda,2.1019,-78.7217,26.13,81,91,6.94,CO,1722721680
69,uturoa,-16.7333,-151.4333,24.7,67,96,5.53,PF,1722721681
70,road town,18.4167,-64.6167,30.02,70,40,6.17,VG,1722721682
71,lebu,-37.6167,-73.65,10.17,89,96,4.36,CL,1722721683
72,macapa,0.0389,-51.0664,31.99,62,20,2.57,BR,1722721684
73,college,64.8569,-147.8028,13.37,89,100,2.06,US,1722721685
74,constantia,44.1833,28.65,22.61,57,84,6.27,RO,1722721445
75,choyr,46.3611,108.3611,13.51,82,35,3.95,MN,1722721688
76,chonchi,-42.6128,-73.8092,8.4,96,100,1.49,CL,1722721689
77,aldinga beach,-35.2793,138.4604,11.48,77,100,3.0,AU,1722721690
78,longyearbyen,78.2186,15.6401,10.91,93,75,2.57,SJ,1722721691
79,happy valley-goose bay,53.3168,-60.3315,21.17,64,75,5.14,CA,1722721396
80,island harbour,50.724,-1.2758,16.66,75,84,1.79,GB,1722721694
81,vorgashor,67.5833,63.95,12.08,68,100,6.97,RU,1722721543
82,anadyr,64.75,177.4833,9.28,87,100,5.0,RU,1722721696
83,tromso,69.6496,18.957,16.01,67,0,0.51,NO,1722721697
84,kalmunai,7.4167,81.8167,26.77,81,100,3.3,LK,1722721698
85,westport,41.1415,-73.3579,29.04,66,94,5.46,US,1722721699
86,beaufort west,-32.3567,22.583,16.77,19,86,6.41,ZA,1722721700
87,port mathurin,-19.6833,63.4167,21.85,73,20,5.03,MU,1722721701
88,la ronge,55.1001,-105.2842,25.12,28,40,6.17,CA,1722721703
89,mosjoen,65.836,13.1908,18.29,68,40,1.54,NO,1722721704
90,bonthe,7.5264,-12.505,24.95,86,100,5.04,SL,1722721705
91,west island,-12.1568,96.8225,25.99,78,100,5.14,CC,1722721706
92,stanley,54.868,-1.6985,13.01,83,0,2.57,GB,1722721707
93,geraldton,-28.7667,114.6,6.23,87,0,4.12,AU,1722721708
94,trairi,-3.2778,-39.2689,25.31,80,16,5.87,BR,1722721646
95,el granada,37.5027,-122.4694,31.38,56,20,7.72,US,1722721711
96,suva,-18.1416,178.4415,24.71,88,20,1.54,FJ,1722721712
97,sao tome,0.3365,6.7273,23.66,77,71,3.88,ST,1722721449
98,lompoc,34.6391,-120.4579,29.21,68,20,4.12,US,1722721715
99,bontang,0.1333,117.5,24.95,90,88,4.1,ID,1722721716
100,coyhaique,-45.5752,-72.0662,2.25,96,71,2.33,CL,1722721568
101,breves,-1.6822,-50.4803,27.72,55,13,1.54,BR,1722721718
102,howrah,22.5892,88.3103,28.0,94,40,2.57,IN,1722721720
103,al burayqah,30.4062,19.5739,27.27,66,0,3.58,LY,1722721721
104,montmagny,48.9734,2.3469,20.06,87,100,2.57,FR,1722721722
105,vila franca do campo,37.7167,-25.4333,23.23,80,52,0.53,PT,1722721723
106,tamanrasset,22.785,5.5228,30.95,23,0,3.09,DZ,1722721724
107,saipan,15.1355,145.701,27.39,83,100,6.69,MP,1722721725
108,konongo,6.6167,-1.2167,21.58,96,89,1.66,GH,1722721726
109,papatowai,-46.5619,169.4708,6.55,70,76,2.95,NZ,1722721727
110,tommot,58.9564,126.2925,12.56,90,90,1.09,RU,1722721729
111,wanning,18.8003,110.3967,26.3,90,35,2.22,CN,1722721730
112,ushuaia,-54.8,-68.3,-1.19,64,75,3.6,AR,1722721733
113,haiku-pauwela,20.9219,-156.3051,27.32,80,40,9.26,US,1722721734
114,nova vicosa,-17.8919,-39.3719,22.34,87,7,4.67,BR,1722721735
115,sao luiz gonzaga,-28.4083,-54.9608,23.05,58,90,3.79,BR,1722721512
116,iskateley,67.6803,53.1512,8.74,83,71,7.7,RU,1722721738
117,naze,28.3667,129.4833,26.51,84,3,3.44,JP,1722721739
118,ola,59.5833,151.2833,13.94,53,3,1.23,RU,1722721740
119,ferkessedougou,9.6,-5.2,22.64,88,98,2.17,CI,1722721741
120,hagere maryam,5.6333,38.2333,14.85,88,100,2.32,ET,1722721743
121,laguna,38.421,-121.4238,40.3,19,0,2.57,US,1722721744
122,avarua,-21.2078,-159.775,24.03,53,100,1.03,CK,1722721745
123,wailua homesteads,22.0669,-159.378,27.44,69,100,4.63,US,1722721746
124,whitehorse,60.7161,-135.0538,17.43,52,75,2.06,CA,1722721747
125,glogowek,50.3536,17.8641,15.85,86,33,3.02,PL,1722721748
126,rongelap,11.1635,166.8941,28.27,76,21,2.24,MH,1722721750
127,alesund,62.4723,6.1549,16.85,93,100,1.03,NO,1722721475
128,ciudad acuna,29.3232,-100.9522,40.32,26,40,6.17,MX,1722721753
129,kapa'a,22.0752,-159.319,28.18,67,100,4.63,US,1722721755
130,lijiang,26.8688,100.2207,16.19,94,100,0.88,CN,1722721756
131,edinburgh of the seven seas,-37.0676,-12.3116,12.15,77,100,14.25,SH,1722721758
132,christchurch,-43.5333,172.6333,3.71,89,97,1.94,NZ,1722721209
133,zhangatas,43.5667,69.75,23.56,25,0,2.24,KZ,1722721760
134,utrik,11.2278,169.8474,28.38,76,3,3.78,MH,1722721761
135,al muwayh,22.4333,41.7583,27.78,48,100,7.86,SA,1722721762
136,labrador city,52.9463,-66.9114,26.21,53,75,4.02,CA,1722721763
137,marka,1.7159,44.7717,24.32,85,96,7.45,SO,1722721765
138,goure,13.9835,10.2704,26.9,66,81,6.61,NE,1722721766
139,touros,-5.1989,-35.4608,23.84,77,1,6.91,BR,1722721767
140,tenno,39.9,139.9667,26.19,82,25,1.64,JP,1722721768
141,codrington,-38.2667,141.9667,4.4,91,71,3.76,AU,1722721769
142,tiksi,71.6872,128.8694,5.96,83,100,1.36,RU,1722721770
143,talnakh,69.4865,88.3972,13.24,71,32,1.57,RU,1722721771
144,asau,46.4333,26.4,18.51,83,1,0.71,RO,1722721774
145,puerto ayora,-0.7393,-90.3518,24.98,87,94,1.79,EC,1722721775
146,phan thiet,10.9333,108.1,24.94,92,25,2.48,VN,1722721776
147,targuist,34.9377,-4.3186,22.54,30,0,1.48,MA,1722721777
148,nouadhibou,20.931,-17.0347,24.99,83,1,2.06,MR,1722721778
149,grand-bassam,5.2118,-3.7388,24.98,91,78,2.55,CI,1722721779
150,cole harbour,44.6724,-63.4751,22.66,92,100,4.63,CA,1722721583
151,hotan,37.0997,79.9269,28.36,24,16,2.73,CN,1722721781
152,lagos,6.5833,3.75,26.18,89,100,2.47,NG,1722721772
153,ilhabela,-23.7781,-45.3581,19.93,87,0,3.46,BR,1722721507
154,bratsk,56.1325,101.6142,11.27,91,71,2.07,RU,1722721628
155,kluang,2.0251,103.3328,24.14,95,98,1.32,MY,1722721786
156,sao gabriel da cachoeira,-0.1303,-67.0892,23.05,98,90,1.39,BR,1722721787
157,sergeyevka,53.88,67.4158,15.94,76,97,3.25,KZ,1722721788
158,tazacorte,28.629,-17.9293,22.54,83,0,7.2,ES,1722721789
159,paris,48.8534,2.3488,20.13,88,0,3.6,FR,1722721739
160,yerofey pavlovich,53.9667,121.9667,15.03,62,100,3.14,RU,1722721792
161,hadibu,12.65,54.0333,25.45,82,21,10.53,YE,1722721793
162,antsiranana,-12.2787,49.2917,21.51,59,32,6.3,MG,1722721794
163,ginir,7.1333,40.7,15.47,78,100,5.63,ET,1722721795
164,tchintabaraden,15.8969,5.7985,27.1,69,88,9.16,NE,1722721796
165,bryne,58.7354,5.6477,16.66,95,75,2.57,NO,1722721797
166,qarauyl,48.9451,79.255,19.36,66,15,2.44,KZ,1722721799
167,mana,5.6592,-53.7767,26.11,87,74,3.09,GF,1722721800
168,cockburn town,21.4612,-71.1419,28.24,84,80,8.58,TC,1722721721
169,saint-pierre,-21.3393,55.4781,18.09,68,0,3.09,RE,1722721803
170,la passe,45.5549,-0.8967,19.13,83,27,3.47,FR,1722721804
171,hinton,53.4001,-117.5857,27.61,30,42,2.16,CA,1722721805
172,sterling,39.0062,-77.4286,34.01,62,43,2.24,US,1722721717
173,camana,-16.6228,-72.7111,15.82,85,4,3.34,PE,1722721809
174,ixtapa,20.7,-105.2,31.24,74,75,3.6,MX,1722721810
175,fortuna,40.5982,-124.1573,17.77,89,100,4.63,US,1722721811
176,ha'il,27.5219,41.6907,31.01,22,0,2.06,SA,1722721812
177,follonica,42.9263,10.7616,27.27,77,100,1.48,IT,1722721813
178,flying fish cove,-10.4217,105.6791,24.82,88,100,4.63,CX,1722721814
179,puerto aysen,-45.4,-72.7,4.37,99,100,1.91,CL,1722721816
180,kingston,17.997,-76.7936,31.53,70,20,8.23,JM,1722721698
181,berdyansk,46.7503,36.7944,23.09,69,51,1.47,UA,1722721818
182,hamilton,39.1834,-84.5333,31.47,61,75,7.72,US,1722721803
183,buka,40.8108,69.1986,23.35,28,28,2.63,UZ,1722721820
184,candido mendes,-1.4467,-45.7167,25.18,76,30,2.4,BR,1722721821
185,georgetown,5.4112,100.3354,26.96,73,20,1.54,MY,1722721822
186,mocimboa,-11.3167,40.35,21.05,86,5,2.82,MZ,1722721824
187,kone,-21.0595,164.8658,20.69,49,2,3.67,NC,1722721825
188,frontera,26.9333,-101.45,35.5,31,75,3.09,MX,1722721826
189,mount isa,-20.7333,139.5,6.87,76,0,2.57,AU,1722721827
190,valle del guamuez,0.4525,-76.9192,32.68,54,36,1.36,CO,1722721829
191,mirny,62.5353,113.9611,12.91,60,99,1.46,RU,1722721831
192,galliano,29.4422,-90.2992,31.11,70,92,3.68,US,1722721832
193,golere,16.2557,-14.1017,32.68,51,100,3.06,SN,1722721833
194,kattivakkam,13.2167,80.3167,26.75,92,100,5.4,IN,1722721834
195,dibba al-hisn,25.6196,56.2729,35.1,69,100,2.31,AE,1722721835
196,moundou,8.5667,16.0833,23.36,91,100,1.22,TD,1722721836
197,huilong,31.8111,121.655,28.57,89,9,3.29,CN,1722721839
198,saldanha,-33.0117,17.9442,12.03,85,96,6.21,ZA,1722721840
199,suoyarvi,62.0833,32.35,12.56,98,10,2.61,RU,1722721841
200,chibougamau,49.9168,-74.3659,25.79,41,40,4.63,CA,1722721842
201,plettenberg bay,-34.0527,23.3716,21.41,25,98,3.56,ZA,1722721843
202,tottori,35.5,134.2333,29.04,84,75,1.03,JP,1722721759
203,al kharj,24.155,47.3346,36.32,15,100,3.77,SA,1722721845
204,ashland,40.8167,-82.2665,28.87,75,89,4.37,US,1722721658
205,belmonte,-15.8631,-38.8828,21.99,86,1,3.55,BR,1722721849
206,carnarvon,-24.8667,113.6333,16.24,58,0,4.79,AU,1722721850
207,moose jaw,50.4001,-105.5344,27.14,29,95,2.57,CA,1722721851
208,warmbad,-28.45,18.7333,15.72,18,36,5.11,NA,1722721852
209,novodvinsk,64.4165,40.8122,12.86,97,81,2.66,RU,1722721854
210,mount pearl,47.5166,-52.7813,24.19,66,20,8.23,CA,1722721563
211,arvayheer,46.2639,102.775,12.11,57,13,2.62,MN,1722721856
212,sinabang,2.4803,96.3801,25.55,87,100,4.92,ID,1722721857
213,aasiaat,68.7098,-52.8699,5.21,79,7,2.96,GL,1722721858
214,los andes,-32.8337,-70.5983,9.91,68,100,1.59,CL,1722721859
215,kourou,5.1552,-52.6478,27.03,87,82,2.67,GF,1722721860
216,dakhla,23.6848,-15.958,23.01,88,44,2.06,EH,1722721862
217,hithadhoo,-0.6,73.0833,27.68,79,88,3.24,MV,1722721863
218,naracoorte,-36.9579,140.7383,4.11,88,97,2.06,AU,1722721864
219,makinsk,52.6292,70.4169,17.15,60,50,3.69,KZ,1722721865
220,gurupa,-1.405,-51.64,27.87,52,15,1.68,BR,1722721866
221,chinsali,-10.5414,32.0816,13.57,50,8,2.34,ZM,1722721867
222,tileagd,47.0667,22.2,16.97,86,85,2.51,RO,1722721868
223,al jawf,29.5,38.75,27.75,18,18,3.8,SA,1722721869
224,hancheng,32.5186,112.3522,25.92,89,60,2.82,CN,1722721871
225,kuanda,56.3161,116.0806,16.66,79,100,2.04,RU,1722721872
226,zheleznogorsk-ilimskiy,56.5768,104.1217,11.8,99,13,0.53,RU,1722721874
227,lincoln city,44.9582,-124.0179,24.42,78,100,5.36,US,1722721875
228,ingeniero guillermo n. juarez,-23.9,-61.85,31.53,30,0,4.13,AR,1722721876
229,copala,16.65,-98.9833,28.97,69,100,3.02,MX,1722721878
230,lichinga,-13.3128,35.2406,15.05,67,0,2.24,MZ,1722721879
231,cabedelo,-6.9811,-34.8339,25.37,78,2,6.24,BR,1722721880
232,tongliao,43.6125,122.2653,24.9,91,100,5.64,CN,1722721881
233,remire-montjoly,4.9167,-52.2667,27.02,83,0,1.03,GF,1722721806
234,giyani,-23.3025,30.7187,18.9,45,0,0.63,ZA,1722721884
235,nuuk,64.1835,-51.7216,3.34,93,40,3.09,GL,1722721885
236,kristiansund,63.1115,7.732,18.03,84,75,2.57,NO,1722721886
237,aguazul,5.1728,-72.5471,26.43,85,39,1.07,CO,1722721887
238,punta arenas,-53.15,-70.9167,0.62,80,100,4.19,CL,1722721888
239,maitum,6.0392,124.4986,25.65,83,99,1.57,PH,1722721889
240,tongchuanshi,35.0806,109.0897,22.99,79,98,0.25,CN,1722721891
241,taoudenni,22.6783,-3.9836,37.09,27,100,6.61,ML,1722721892
242,guerrero negro,27.9769,-114.0611,25.89,55,77,7.44,MX,1722721804
243,margate,51.3813,1.3862,17.71,81,87,4.4,GB,1722721823
244,saint-philippe,-21.3585,55.7679,17.77,75,5,2.17,RE,1722721895
245,enewetak,11.3474,162.3373,28.27,76,96,0.72,MH,1722721896
246,mcminnville,45.2101,-123.1987,30.64,33,100,2.94,US,1722721825
247,santa cruz,-17.8,-63.1667,30.7,54,20,12.35,BO,1722721621
248,griffith,41.5284,-87.4237,32.27,55,0,3.09,US,1722721900
249,dryden,49.7833,-92.7503,21.16,68,75,1.03,CA,1722721901
250,waynesboro,38.0685,-78.8895,28.41,88,75,0.0,US,1722721869
251,akureyri,65.6835,-18.0878,12.96,76,75,3.09,IS,1722721903
252,las navas del marques,40.6024,-4.3345,25.42,32,1,2.13,ES,1722721904
253,lihue,21.9789,-159.3672,27.77,70,100,4.63,US,1722721906
254,hermanus,-34.4187,19.2345,9.89,79,84,8.24,ZA,1722721907
255,dourados,-22.2211,-54.8056,27.7,27,25,2.98,BR,1722721908
256,okha,53.5739,142.9478,14.88,60,32,2.04,RU,1722721909
257,ghanzi,-21.5667,21.7833,17.09,25,0,2.87,BW,1722721910
258,keflavik,64.0049,-22.5624,13.95,82,75,3.6,IS,1722721911
259,talara,-4.5772,-81.2719,24.42,69,0,6.14,PE,1722721913
260,motueka,-41.1333,173.0167,5.21,66,61,0.94,NZ,1722721914
261,pechora,65.1472,57.2244,16.12,89,87,5.96,RU,1722721915
262,meadow lake,34.8014,-106.5436,35.9,26,9,5.22,US,1722721916
263,ailuk,10.2197,169.9797,28.13,76,2,2.52,MH,1722721917
264,bile,48.4952,39.0505,20.66,36,33,1.27,UA,1722721918
265,ilulissat,69.2167,-51.1,9.33,57,4,1.97,GL,1722721919
266,fada,7.25,4.0667,24.37,94,75,3.09,NG,1722721921
267,fort bragg,35.139,-79.006,30.91,62,75,8.75,US,1722721922
268,itoman,26.1247,127.6694,29.01,87,20,5.14,JP,1722721923
269,talwandi bhai,30.85,74.9333,27.48,80,9,4.36,IN,1722721924
270,nola,40.922,14.5329,29.24,52,74,0.95,IT,1722721925
271,klaksvik,62.2266,-6.589,11.51,94,5,5.45,FO,1722721926
272,cabo san lucas,22.8909,-109.9124,36.61,67,20,4.81,MX,1722721928
273,karaton,-6.3424,106.1045,21.61,99,29,0.48,ID,1722721930
274,bardai,11.65,7.2333,21.67,91,89,3.34,NG,1722721931
275,kosum phisai,16.2486,103.0674,25.47,88,100,5.92,TH,1722721932
276,pimentel,-6.8367,-79.9342,21.16,68,40,6.17,PE,1722721933
277,charata,-27.2144,-61.188,21.24,56,69,7.06,AR,1722721703
278,opladen,51.0667,7.0167,20.38,80,100,2.93,DE,1722721936
279,khandyga,62.6667,135.6,13.78,61,99,0.85,RU,1722721937
280,bikenibeu village,1.3673,173.1241,27.98,89,20,5.14,KI,1722721938
281,fale old settlement,-9.3852,-171.2468,27.46,81,56,5.54,TK,1722721939
282,dubbo,-32.25,148.6167,3.07,93,100,2.57,AU,1722721940
283,murzuq,25.9155,13.9184,30.33,16,0,4.11,LY,1722721941
284,luderitz,-26.6481,15.1594,12.56,95,44,4.61,NA,1722721942
285,terbanggi besar,-4.8667,105.2333,23.46,95,16,2.74,ID,1722721943
286,pauini,-7.7136,-66.9764,31.04,50,74,1.11,BR,1722721946
287,mount gambier,-37.8333,140.7667,3.74,94,99,2.3,AU,1722721947
288,emerald,-23.5333,148.1667,13.12,74,0,2.91,AU,1722721948
289,muisne,0.6,-80.0333,24.06,85,100,5.1,EC,1722721949
290,usinsk,65.9939,57.5281,16.65,70,100,9.96,RU,1722721950
291,plastun,44.7561,136.2939,14.66,98,100,0.99,RU,1722721951
292,tadine,-21.55,167.8833,20.81,59,0,5.15,NC,1722721953
293,beau vallon,-20.4189,57.6953,20.13,83,40,0.0,MU,1722721954
294,prineville,44.2999,-120.8345,33.06,28,0,4.12,US,1722721955
295,parkway,38.496,-121.4588,40.32,19,0,2.57,US,1722721956
296,lisala,2.15,21.5167,23.45,82,76,0.07,CD,1722721957
297,batibo,5.8358,9.8553,18.66,95,98,0.28,CM,1722721958
298,daru,-9.0763,143.2092,23.8,84,100,8.17,PG,1722721959
299,alice springs,-23.7,133.8833,10.75,58,75,3.6,AU,1722721961
300,san agustin de valle fertil,-30.6335,-67.4682,14.48,22,97,3.52,AR,1722721962
301,ndioum,16.5129,-14.6471,33.94,51,100,2.12,SN,1722721963
302,pershore,52.1116,-2.0759,15.25,73,100,2.39,GB,1722721964
303,kushtagi,15.7667,76.2,22.33,86,100,7.47,IN,1722721965
304,xilin hot,43.9667,116.0333,18.56,88,94,2.41,CN,1722721966
305,nueva esperanza,15.2667,-87.6,31.79,81,60,1.73,HN,1722721967
306,san sebastian de la gomera,28.0916,-17.1133,27.2,50,0,0.51,ES,1722721969
307,bamboo flat,11.7,92.7167,26.05,94,100,1.03,IN,1722721970
308,saint-joseph,-21.3667,55.6167,17.21,75,3,2.18,RE,1722721971
309,polyarnyy,69.1989,33.4478,9.21,91,25,3.23,RU,1722721972
310,tsiombe,-25.3,45.4833,16.76,87,0,0.75,MG,1722721973
311,bahia blanca,-38.7196,-62.2724,14.78,30,0,8.16,AR,1722721974
312,tobelo,1.7284,128.0095,26.14,80,94,0.91,ID,1722721975
313,toamasina,-18.1667,49.3833,16.0,94,20,0.0,MG,1722721977
314,vorkuta,67.5,64.0,13.15,65,100,6.79,RU,1722721978
315,ulsteinvik,62.3432,5.8487,16.84,91,100,0.45,NO,1722721979
316,kolonia town,6.964,158.206,28.0,83,20,1.54,FM,1722721980
317,kayangel,8.0823,134.7173,28.72,75,99,6.59,PW,1722721981
318,bulgan,48.8125,103.5347,13.39,77,5,1.19,MN,1722721982
319,port douglas,-16.4833,145.4667,22.06,75,53,6.99,AU,1722721983
320,arteche,12.2645,125.4048,24.85,94,70,1.65,PH,1722721984
321,urbano santos,-3.2078,-43.4036,26.35,56,9,2.79,BR,1722721986
322,mili,6.0815,171.735,28.47,74,37,4.24,MH,1722721987
323,sao joao da barra,-21.6403,-41.0511,22.05,79,74,7.08,BR,1722721988
324,constitucion,-35.3333,-72.4167,10.56,81,92,0.88,CL,1722721989
325,zeya,53.75,127.2667,16.48,62,98,1.33,RU,1722721990
326,quellon,-43.1167,-73.6167,7.57,89,100,3.32,CL,1722721992
327,hasaki,35.7333,140.8333,26.27,79,83,2.27,JP,1722721993
328,khovd,48.0056,91.6419,19.22,43,4,3.45,MN,1722721994
329,atafu village,-8.5421,-172.5159,28.28,75,52,6.48,TK,1722721996
330,luganville,-15.5333,167.1667,24.49,83,99,4.45,VU,1722721998
331,olyokminsk,60.3736,120.4264,13.98,75,99,2.16,RU,1722721999
332,brookings,44.3114,-96.7984,33.43,55,0,6.17,US,1722722000
333,tazovsky,67.4667,78.7,11.19,80,89,4.45,RU,1722722001
334,austin,30.2672,-97.7431,39.2,44,0,2.06,US,1722721758
335,midvagur,62.0511,-7.1939,10.46,100,100,3.6,FO,1722722003
336,naryshkino,52.9678,35.7268,15.33,90,100,2.68,RU,1722722004
337,katsuura,35.1333,140.3,25.37,85,16,2.06,JP,1722722006
338,sarangani,5.4033,125.4636,28.43,77,92,5.48,PH,1722722007
339,vysokiy,58.35,60.05,12.4,96,38,2.27,RU,1722722008
340,fort mcmurray,56.7268,-111.381,21.77,72,100,4.12,CA,1722722009
341,callao,-12.0667,-77.15,22.62,72,75,4.63,PE,1722721999
342,labuan,5.2767,115.2417,25.2,94,20,0.0,MY,1722722011
343,vylkove,45.4021,29.586,22.96,80,94,1.66,UA,1722722012
344,port lincoln,-34.7333,135.8667,11.18,74,100,4.0,AU,1722722014
345,panacan,9.2463,118.4082,25.91,82,60,1.42,PH,1722722015
346,sur,22.5667,59.5289,31.8,57,100,3.03,OM,1722722016
347,northam,51.0333,-4.2167,14.78,86,100,3.67,GB,1722722017
348,baranovichi,53.1327,26.0139,17.13,71,100,2.97,BY,1722722018
349,wynyard,-41.0,145.7167,9.39,88,44,4.24,AU,1722721907
350,las khorey,11.1595,48.1967,30.2,66,50,4.98,SO,1722722020
351,bereznehuvate,47.3078,32.8499,23.19,73,100,3.96,UA,1722722021
352,nadym,65.5333,72.5167,17.87,89,90,4.65,RU,1722722023
353,qaqortoq,60.7167,-46.0333,8.65,73,16,2.6,GL,1722722024
354,saint-denis,48.9167,2.3333,20.13,88,100,2.57,FR,1722722025
355,andratx,39.5755,2.4202,27.56,75,0,3.1,ES,1722722026
356,corinth,37.9407,22.9573,27.16,45,0,1.36,GR,1722722028
357,robore,-18.3333,-59.75,33.02,23,0,4.5,BO,1722722030
358,bull savanna,17.8868,-77.5902,28.07,70,72,7.04,JM,1722722031
359,yulinshi,38.2906,109.7494,22.25,71,1,2.07,CN,1722722032
360,kruisfontein,-34.0033,24.7314,16.17,19,98,3.81,ZA,1722722033
361,dogondoutchi,13.6393,4.0287,25.67,78,99,3.86,NE,1722722034
362,jeremie,18.65,-74.1167,29.83,69,65,1.62,HT,1722722035
363,gizo,-8.103,156.8419,27.17,84,100,9.95,SB,1722722037
364,pangody,65.85,74.4859,17.39,92,89,4.2,RU,1722722039
365,bodden town,19.2833,-81.25,31.1,79,75,4.63,KY,1722721855
366,arraial do cabo,-22.9661,-42.0278,22.92,78,75,5.66,BR,1722721886
367,patacamaya,-17.2333,-67.9167,12.12,19,0,6.44,BO,1722722043
368,kudat,6.8837,116.8477,22.96,100,93,1.03,MY,1722722044
369,derbent,42.0678,48.2899,25.44,62,91,2.43,RU,1722722045
370,santana,-0.0583,-51.1817,32.1,62,20,2.57,BR,1722722046
371,iguape,-24.7081,-47.5553,18.49,86,0,4.3,BR,1722722047
372,la'ie,21.6477,-157.9253,29.98,73,40,2.68,US,1722722048
373,bugiri,0.5714,33.7417,19.1,81,99,2.88,UG,1722722050
374,yuzhno-kurilsk,44.0306,145.8556,18.46,91,81,3.2,RU,1722722051
375,east london,-33.0153,27.9116,19.17,28,41,4.55,ZA,1722722052
376,dankalwa,11.7443,12.1867,25.0,76,77,3.42,NG,1722722053
377,itamaraca,-7.7478,-34.8256,26.03,77,12,4.95,BR,1722722054
378,fomeque,4.488,-73.8975,22.42,85,60,2.38,CO,1722722055
379,sinazongwe,-17.2614,27.4618,19.4,35,5,0.64,ZM,1722722057
380,sisimiut,66.9395,-53.6735,7.57,79,9,3.05,GL,1722722058
381,sanghar,26.0466,68.9481,26.35,90,95,2.97,PK,1722722059
382,maragogi,-9.0122,-35.2225,22.69,88,61,4.6,BR,1722722060
383,nantucket,41.2835,-70.0995,28.38,87,0,7.2,US,1722722061
384,yibin,28.7667,104.6238,24.63,96,100,0.97,CN,1722721798
385,makurazaki,31.2667,130.3167,26.34,92,34,1.29,JP,1722722064
386,st. john's,47.5649,-52.7093,24.66,60,20,8.23,CA,1722721918
387,shimoda,34.6667,138.95,26.17,77,7,2.02,JP,1722722066
388,kralendijk,12.15,-68.2667,30.99,66,40,7.72,BQ,1722722067
389,revda,56.801,59.9303,11.51,98,62,1.8,RU,1722722068
390,wellington,-41.2866,174.7756,7.15,87,75,4.12,NZ,1722722069
391,veraval,20.9,70.3667,27.31,88,100,8.46,IN,1722722070
392,tafuna,-14.3358,-170.72,29.97,70,40,3.09,AS,1722722072
393,beterou,9.1992,2.2586,22.39,95,97,1.95,BJ,1722722073
394,lata,40.1629,-8.3327,18.37,92,0,1.15,PT,1722722074
395,cidreira,-30.1811,-50.2056,17.89,84,63,4.55,BR,1722722075
396,chincha alta,-13.4099,-76.1323,17.33,79,20,2.33,PE,1722722076
397,ujae,8.9322,165.7642,28.56,74,3,2.5,MH,1722722077
398,portland,45.5234,-122.6762,29.96,33,100,1.34,US,1722721646
399,suntar,62.1444,117.6319,14.2,62,100,1.16,RU,1722722080
400,toro,4.6117,-76.0814,30.38,78,97,3.46,CO,1722722081
401,pala,9.3642,14.9046,23.67,84,100,1.47,TD,1722722082
402,north lakhimpur,27.2333,94.1167,24.76,96,22,1.11,IN,1722722083
403,george town,5.4112,100.3354,26.96,73,20,1.54,MY,1722721876
404,kabwe,-14.4469,28.4464,15.5,42,6,2.75,ZM,1722722085
405,freetown,8.484,-13.2299,24.82,88,100,5.63,SL,1722722086
406,rakops,-21.0167,24.3333,19.58,19,1,4.0,BW,1722722087
407,kangaba,11.9333,-8.4167,22.79,94,100,1.63,ML,1722722089
408,masina,-4.3836,15.3914,25.19,45,17,2.16,CD,1722722090
409,seguin,29.5688,-97.9647,38.47,44,0,1.34,US,1722721948
410,nemuro,43.3236,145.575,17.37,95,88,4.53,JP,1722722092
411,kwang binh,17.4833,106.6,25.03,79,7,2.22,VN,1722722093
412,knyaze-volkonskoye,48.4642,135.4567,16.19,84,3,2.15,RU,1722722094
413,peniche,39.3558,-9.3811,20.16,91,0,6.84,PT,1722722096
414,tarawa,1.419,172.984,28.05,89,20,5.14,KI,1722722097
415,khemisset,33.6667,-6.25,26.59,44,0,1.66,MA,1722722098
416,darwin,-12.4611,130.8418,21.99,78,40,1.54,AU,1722721505
417,south valley,35.0101,-106.6781,37.06,26,75,5.14,US,1722722100
418,porto novo,6.4965,2.6036,24.07,88,100,3.36,BJ,1722722102
419,vadso,70.0744,29.7487,10.49,87,100,5.14,NO,1722722103
420,sao jose da coroa grande,-8.8978,-35.1478,23.5,84,53,4.95,BR,1722721885
421,sabang,5.8933,95.3214,28.25,73,100,7.3,ID,1722722106
422,sodankyla,67.4167,26.6,11.73,80,8,2.09,FI,1722722107
423,beolgyo,34.8449,127.3429,27.09,86,0,1.59,KR,1722722108
424,hafnarfjordur,64.0671,-21.9377,13.93,58,75,8.23,IS,1722722109
425,vanimo,-2.6741,141.3028,25.7,92,94,2.43,PG,1722722110
426,naqadeh,36.9553,45.388,22.77,52,52,4.19,IR,1722722111
427,susuman,62.7833,148.1667,11.03,52,12,1.04,RU,1722722113
428,bazarak,35.3129,69.5152,16.37,40,1,3.94,AF,1722722114
429,ayabaca,-4.6398,-79.7149,14.18,63,35,3.1,PE,1722722115
430,zaragoza,41.6561,-0.8773,25.82,43,0,7.72,ES,1722722116
431,el calafate,-50.3408,-72.2768,1.87,94,100,0.63,AR,1722722117
432,yinzhu,35.8786,119.9753,27.1,94,49,2.54,CN,1722722118
433,kaa-khem,51.6833,94.7333,17.39,63,80,1.06,RU,1722722119
434,furtwangen,48.05,8.2,15.85,90,74,0.47,DE,1722722120
435,punta de bombon,-17.1717,-71.7931,15.71,83,12,2.82,PE,1722722122
436,reggane,26.7158,0.1714,37.59,7,0,6.63,DZ,1722722123
437,aykhal,66.0,111.5,14.81,60,65,2.32,RU,1722722124
438,conde,-7.2597,-34.9075,24.7,73,0,4.63,BR,1722722125
439,cohoes,42.7742,-73.7001,29.0,79,23,1.34,US,1722722126
440,sadjoavato,-12.6334,49.349,18.31,66,30,2.63,MG,1722722127
441,isangel,-19.55,169.2667,22.02,59,0,5.94,VU,1722722128
442,micheweni,-4.9667,39.8333,24.15,75,11,5.4,TZ,1722722131
443,hilo,19.7297,-155.09,25.85,94,100,3.58,US,1722722132
444,gantang,26.92,119.6333,26.09,96,24,0.72,CN,1722722133
445,faya-largeau,17.9257,19.1043,34.41,40,71,4.94,TD,1722722134
446,santo antonio,-6.3106,-35.4789,21.83,78,1,6.19,BR,1722722135
447,amos,48.5669,-78.1162,25.85,41,1,4.49,CA,1722722043
448,greater sudbury,46.49,-80.99,30.54,29,0,3.13,CA,1722721991
449,gilgit,35.9221,74.3087,26.02,62,46,1.79,PK,1722722139
450,neryungri,56.6709,124.6491,13.33,80,100,1.88,RU,1722722140
451,arroyo,41.6096,-4.7969,24.02,33,0,4.63,ES,1722722141
452,tura,25.5198,90.2201,23.68,97,98,2.1,IN,1722722142
453,magadan,59.5667,150.8,13.98,53,5,1.37,RU,1722722143
454,ebaye,8.7748,167.7392,29.01,79,40,2.06,MH,1722722144
455,zardob,40.2183,47.7083,25.91,53,92,2.7,AZ,1722722146
456,buala,-8.145,159.5921,27.67,78,100,2.67,SB,1722722148
457,ratnagiri,16.9833,73.3,26.4,86,100,7.29,IN,1722722149
458,kangding,30.0513,101.9603,16.64,93,100,1.2,CN,1722722150
459,bereeda,11.8704,51.0579,29.54,65,8,1.58,SO,1722722151
460,timimoun,29.2639,0.231,36.21,10,0,3.09,DZ,1722722153
461,egilsstadir,65.2653,-14.3948,9.95,87,40,4.63,IS,1722722154
462,trinidad,-14.8333,-64.9,32.99,49,20,2.57,BO,1722722155
463,kyaukse,21.6,96.1333,25.18,86,97,2.54,MM,1722722156
464,horta,38.5333,-28.6333,24.8,85,20,3.6,PT,1722722157
465,dzhalagash,45.0833,64.6667,25.5,30,0,3.25,KZ,1722722159
466,juneau,58.3019,-134.4197,18.0,86,75,3.09,US,1722722161
467,villa regina,-39.1,-67.0667,15.55,20,44,2.68,AR,1722722162
468,khujner,23.7833,76.6,24.34,93,100,5.46,IN,1722722163
469,dabeiba,7.0017,-76.2672,23.47,97,100,1.06,CO,1722722164
470,emure-ekiti,7.4361,5.4593,21.19,98,98,1.72,NG,1722722165
471,wad medani,14.4012,33.5199,27.62,65,100,4.45,SD,1722722166
472,zouerate,22.7187,-12.4521,33.95,36,65,5.95,MR,1722722101
473,bayanhongor,46.7167,100.1167,7.98,70,10,1.1,MN,1722722169
474,frutigen,46.5878,7.6475,19.04,94,57,0.22,CH,1722722170
475,pariaman,-0.619,100.12,24.03,88,73,1.85,ID,1722722171
476,undurkhaan,47.3194,110.6556,14.4,83,3,2.25,MN,1722722172
477,soio,-6.1349,12.3689,19.99,89,0,2.94,AO,1722722173
478,hirara,24.8,125.2833,27.92,89,40,3.6,JP,1722722174
479,lauro de freitas,-12.8944,-38.3272,25.01,69,40,6.17,BR,1722722044
480,portage la prairie,49.9728,-98.2926,22.72,44,3,5.21,CA,1722721897
481,havre,49.5833,0.3333,17.97,88,100,6.17,FR,1722722179
482,zavetnoye,47.1194,43.8903,24.26,30,16,3.62,RU,1722722180
483,jinghong,21.991,100.7341,21.49,99,100,0.43,CN,1722722181
484,as sulayyil,20.4607,45.5779,37.14,17,98,2.04,SA,1722722182
485,huayucachi,-12.1333,-75.2333,17.15,39,57,2.65,PE,1722722183
486,jayapura,-2.5333,140.7,25.66,94,90,2.39,ID,1722722185
487,holualoa,19.6228,-155.9522,28.26,73,0,6.17,US,1722722186
488,opuwo,-18.0607,13.84,18.16,39,0,2.56,NA,1722722187
489,kidal,18.4411,1.4078,27.16,64,22,6.96,ML,1722722188
490,khilok,51.3674,110.4676,13.06,99,100,1.7,RU,1722722189
491,mushie,-3.0167,16.9,28.39,35,33,0.93,CD,1722722190
492,yatou,37.15,122.3833,26.43,93,2,2.55,CN,1722722191
493,mejit,10.2753,170.8646,28.1,77,9,2.86,MH,1722722193
494,nyala,12.05,24.8833,23.98,79,83,4.55,SD,1722722194
495,oneonta,42.4529,-75.0638,25.72,95,90,4.84,US,1722722089
496,page,36.9147,-111.4558,36.88,23,0,1.79,US,1722722196
497,annaba,36.9,7.7667,26.98,69,0,1.03,DZ,1722722197
498,hami,42.8,93.45,28.23,22,41,4.22,CN,1722722198
499,prince george,53.9166,-122.753,27.57,41,0,1.03,CA,1722722074
500,severnoye,56.3491,78.3619,16.91,97,100,2.52,RU,1722722201
501,nar'yan-mar,67.6713,53.087,8.7,84,71,7.73,RU,1722722202
502,fort st. john,56.2499,-120.8529,23.94,31,40,1.54,CA,1722722203
503,mwene-ditu,-7.0,23.45,24.31,29,44,1.8,CD,1722722204
504,myitkyina,25.3833,97.4,23.48,100,100,0.27,MM,1722722205
505,mumford,5.2618,-0.759,23.06,93,55,3.78,GH,1722722206
506,usogorsk,63.4106,48.6872,15.24,93,91,3.01,RU,1722722207
507,newman,37.3138,-121.0208,40.03,15,24,2.47,US,1722722208
508,boundiali,9.5217,-6.4869,21.71,94,64,1.97,CI,1722722210
509,abadan,30.3392,48.3043,31.97,25,0,3.09,IR,1722722211
510,dunedin,-45.8742,170.5036,6.0,93,87,4.04,NZ,1722722212
511,vilyuchinsk,52.9306,158.4028,17.15,75,100,0.35,RU,1722722213
512,dobrich,43.5667,27.8333,20.72,93,58,3.9,BG,1722722214
513,sao miguel do araguaia,-13.275,-50.1628,27.37,29,0,1.6,BR,1722722215
514,pisco,-13.7,-76.2167,18.03,77,0,4.63,PE,1722722216
515,puerto madero,14.7208,-92.4215,28.49,78,83,2.97,MX,1722722218
516,ta`u,-14.2336,-169.5144,26.39,66,74,4.36,AS,1722722219
517,al kharijah,25.4514,30.5464,33.5,19,12,3.21,EG,1722722220
518,karkira,36.9292,6.5856,23.44,87,0,2.29,DZ,1722722221
519,acapulco de juarez,16.8634,-99.8901,30.9,70,75,2.57,MX,1722721980
520,macia,-25.0269,33.0989,17.43,96,0,2.08,MZ,1722722223
521,kununurra,-15.7667,128.7333,13.99,94,9,0.0,AU,1722722224
522,woolgoolga,-30.1106,153.2007,8.93,74,46,1.59,AU,1722722225
523,creil,49.2567,2.4848,19.9,95,89,2.67,FR,1722722227
524,ruteng,-8.6136,120.4721,15.29,93,92,1.19,ID,1722722228
525,eyl,7.9803,49.8164,25.79,70,79,10.19,SO,1722722229
526,catumbela,-12.4314,13.5472,20.21,86,99,2.17,AO,1722722230
527,ghadamis,30.1337,9.5007,35.6,12,3,4.11,LY,1722722231
528,enriquillo,17.9,-71.2333,32.82,65,62,3.58,DO,1722722232
529,brisas de zicatela,15.8369,-97.0419,29.29,89,75,3.09,MX,1722722233
530,new norfolk,-42.7826,147.0587,8.73,86,59,1.67,AU,1722722235
531,laborde,-33.1532,-62.8566,12.68,33,0,3.3,AR,1722722236
532,chhatak,25.0333,91.6667,24.69,94,100,2.05,BD,1722722238
533,laela,-8.5667,32.05,14.67,38,24,1.38,TZ,1722722239
534,waddan,29.1614,16.139,29.63,21,0,3.55,LY,1722722240
535,korkuteli,37.065,30.1957,22.48,40,1,2.06,TR,1722722242
536,morehead city,34.7229,-76.726,31.03,82,0,7.72,US,1722722243
537,sidi khaled,34.387,4.9879,33.04,25,0,6.6,DZ,1722722244
538,floro,61.5996,5.0328,17.04,94,100,6.69,NO,1722722245
539,samarinda,-0.5,117.15,22.78,99,100,1.12,ID,1722722246
540,dhari,21.3333,71.0167,25.21,92,100,7.33,IN,1722722247
541,novyy urengoy,66.0833,76.6333,17.05,92,100,4.0,RU,1722722248
542,koundara,12.4833,-13.3,23.77,94,100,4.29,GN,1722722249
543,labytnangi,66.6572,66.4183,12.75,84,100,10.6,RU,1722722251
544,kushikino,31.7167,130.2667,27.81,84,42,1.17,JP,1722722252
545,zhangjiajie,29.1294,110.4783,24.75,89,11,1.23,CN,1722722253
546,senanga,-16.1167,23.2667,15.94,19,1,2.15,ZM,1722722254
547,netley,50.8763,-1.354,16.71,74,84,3.61,GB,1722722255
548,altamont,42.2068,-121.7372,28.91,41,75,5.66,US,1722722256
549,imbituba,-28.24,-48.6703,20.48,92,0,5.77,BR,1722722257
550,russkaya polyana,49.417,31.9201,17.25,94,92,3.93,UA,1722722258
551,sola,-13.8833,167.55,25.37,89,100,5.14,VU,1722722260
552,dhidhdhoo,6.8833,73.1,28.46,73,92,6.19,MV,1722722261
553,vredendal,-31.6683,18.5012,11.22,91,46,5.48,ZA,1722722262
554,mont-dore,-22.2833,166.5833,20.0,99,35,4.7,NC,1722722263
555,sougueur,35.1857,1.4961,25.07,34,0,2.06,DZ,1722722264
556,nishinoomote,30.7333,131.0,28.74,76,62,1.31,JP,1722722265
557,eirunepe,-6.6603,-69.8736,29.09,57,97,1.23,BR,1722722266
558,tocopilla,-22.092,-70.1979,17.82,68,9,1.58,CL,1722721913
